name,description,price,business_id,image_url,id,created_date,updated_date,created_by,is_sample
"Notebook","","500","67cf30422efcee033024d3da","https://qtrypzzcjebvfcihiynt.supabase.co/storage/v1/object/public/base44-prod/public/0bd4af_semcampoDESCRIO.jpg","67d9a5d782cf23484edb12c1","2025-03-18T16:56:55.188000","2025-04-21T00:54:43.824000","contato.jrsn@gmail.com","false"
"pc","","500","67e19d23cab81a52340d86bc","","67e1fefc352d70b32567b721","2025-03-25T00:55:24.701000","2025-04-21T00:54:03.412000","contato.jrsn@gmail.com","false"
"Botijão de Gás cozinha","","130","6802f97b2e0cd907afdebf11","https://qtrypzzcjebvfcihiynt.supabase.co/storage/v1/object/public/base44-prod/public/104146_996796_225546_P1000.jpg","680599244890db578ff62b59","2025-04-21T01:02:28.666000","2025-04-21T01:02:28.666000","contato.jrsn@gmail.com","false"
"BOTIJÃO DE GÁS20KG","","250","6802f97b2e0cd907afdebf11","https://qtrypzzcjebvfcihiynt.supabase.co/storage/v1/object/public/base44-prod/public/a39e46_botijAo-de-gAs-20kg_2021-12-28_17-21-12_0_235.jpeg","680599254890db578ff62b60","2025-04-21T01:02:29.013000","2025-04-21T01:02:29.013000","contato.jrsn@gmail.com","false"
"Rhino TV","Sistema streaming ","10","681154724dfb6293047cd913","https://qtrypzzcjebvfcihiynt.supabase.co/storage/v1/object/public/base44-prod/public/e0720d_windows.png","68124b69c4c75dbe9a95a7e2","2025-04-30T16:10:17.692000","2025-04-30T22:18:05.383000","contato.jrsn@gmail.com","false"
"P13 glp","Emtrega 
Confira o desconto ara retirar no balcão ","128","68190b3c1c073f8fe819553d","https://qtrypzzcjebvfcihiynt.supabase.co/storage/v1/object/public/base44-prod/public/a8855e_IMG-20250429-WA0000.jpg","68190d9b1c073f8fe8195c02","2025-05-05T19:12:27.401000","2025-05-05T19:12:27.401000","anonymous","false"