title,description,image_url,link_url,start_date,end_date,location,background_color,text_color,priority,active,id,created_date,updated_date,created_by,is_sample
"Conheça os melhores restaurantes à beira-mar","Culinária local, frutos do mar frescos e vistas deslumbrantes","https://images.unsplash.com/photo-1576867757603-05b134ebc379?w=800&auto=format&fit=crop&q=80","/Businesses","2023-01-01","2025-12-31","home_middle","#e0f2fe","#0f172a","3","true","67d0e32231e36ab2de42f0b3","2025-03-12T01:28:02.542000","2025-03-12T01:28:02.542000","contato.jrsn@gmail.com","false"
"Descubra as praias mais paradisíacas","Explore as melhores praias de Santa Catarina com nosso guia personalizado","https://images.unsplash.com/photo-1505459668311-8dfac7952bf0?w=1920&auto=format&fit=crop&q=80","/beaches","2023-01-01","2025-12-31","home_slider","#0f172a","#ffffff","10","true","67d0e32231e36ab2de42f0b1","2025-03-12T01:28:02.542000","2025-03-12T01:28:02.542000","contato.jrsn@gmail.com","false"
"Ganhe Benefícios Exclusivos - Peça seu Cartão Agora!","Descontos especiais em restaurantes, hotéis e atrações","https://images.unsplash.com/photo-1580828343064-fde4fc206bc6?w=100&auto=format&fit=crop&q=80","/CardSettings","2023-01-01","2025-12-31","home_top","#fbbf24","#0f172a","5","true","67d0e32231e36ab2de42f0b2","2025-03-12T01:28:02.542000","2025-03-12T01:28:02.542000","contato.jrsn@gmail.com","false"
"Cartão Praias Catarinenses","Peça já o seu e ganhe descontos exclusivos em mais de 200 estabelecimentos!","https://images.unsplash.com/photo-1570451488142-71d08e1511e3?w=800&auto=format&fit=crop&q=80","https://exemplo.com/cartao","2023-11-15","2024-12-31","home_slider","#0f172a","#ffffff","8","true","67d0e6efd687fab68ac89c8d","2025-03-12T01:44:15.030000","2025-03-12T01:44:15.030000","contato.jrsn@gmail.com","false"
"Bombinhas - O paraíso do mergulho","Conheça as melhores praias para mergulho em Santa Catarina","https://images.unsplash.com/photo-1559128010-7c1ad6e1b6a5?w=800&auto=format&fit=crop&q=80","https://exemplo.com/bombinhas","2024-01-01","2024-12-31","beaches_page","#0c4a6e","#f0f9ff","6","true","67d0e6efd687fab68ac89c90","2025-03-12T01:44:15.030000","2025-03-12T01:44:15.030000","contato.jrsn@gmail.com","false"
"Seja um Anunciante","Aumente a visibilidade do seu negócio com o maior portal de praias de Santa Catarina!","https://images.unsplash.com/photo-1600880292089-90a7e086ee0c?w=800&auto=format&fit=crop&q=80","https://exemplo.com/anuncie","2023-01-01","2025-12-31","all","#fef3c7","#92400e","5","true","67d0e6efd687fab68ac89c8f","2025-03-12T01:44:15.030000","2025-03-12T01:44:15.030000","contato.jrsn@gmail.com","false"
"Promoção de Verão em Florianópolis","Aproveite descontos em hotéis e restaurantes na capital catarinense!","https://images.unsplash.com/photo-1578902349698-5a79fd2a1d45?w=800&auto=format&fit=crop&q=80","https://exemplo.com/promocao-verao","2023-12-01","2024-03-31","home_top","#1e40af","#ffffff","10","true","67d0e6efd687fab68ac89c8c","2025-03-12T01:44:15.030000","2025-03-12T01:44:15.030000","contato.jrsn@gmail.com","false"
"Festival Gastronômico em Balneário Camboriú","O maior festival gastronômico de Santa Catarina começa em julho!","https://images.unsplash.com/photo-1605333396915-47ffad17b5d0?w=800&auto=format&fit=crop&q=80","https://exemplo.com/festival","2024-06-01","2024-07-31","cities_page","#374151","#ffffff","7","true","67d0e6efd687fab68ac89c8e","2025-03-12T01:44:15.030000","2025-03-12T01:44:15.030000","contato.jrsn@gmail.com","false"