user_id,entity_type,entity_id,rating,comment,image_urls,visit_date,id,created_date,updated_date,created_by,is_sample
"67cdc2dae19d3e85f6c3a4b5","city","67cdc32459c2f17692605cc2","5","Cidade maravilhosa, muito além do que nós turistas buscamos","[""""https://qtrypzzcjebvfcihiynt.supabase.co/storage/v1/object/public/base44-prod/public/10f66e_01.jpg"""",""""https://qtrypzzcjebvfcihiynt.supabase.co/storage/v1/object/public/base44-prod/public/fd13a6_PRAIAAMORES.jpg""""]","2025-03-10","67cf17e9748a139cc83c58ae","2025-03-10T16:48:41.528000","2025-03-10T16:48:41.528000","contato.jrsn@gmail.com","false"
"demo_user","beach","$Beach[0].id","5","Jurerê Internacional é simplesmente maravilhosa! Água cristalina, areia branca e ótima infraestrutura. Ideal para famílias e quem busca conforto.","[]","2023-12-15","67cf30432efcee033024d3e0","2025-03-10T18:32:35.817000","2025-03-10T18:32:35.818000","contato.jrsn@gmail.com","false"
"demo_user","business","$Business[0].id","4","Comida excelente, ambiente agradável e vista para o mar. Um pouco caro, mas vale a pena pela experiência.","[]","2024-01-10","67cf30432efcee033024d3e1","2025-03-10T18:32:35.818000","2025-03-10T18:32:35.818000","contato.jrsn@gmail.com","false"
"demo_user","city","$City[1].id","5","Balneário Camboriú é impressionante, com prédios altos à beira-mar, orla bem cuidada e muitas opções de entretenimento. A cidade não para, dia ou noite!","[]","2023-11-20","67cf30432efcee033024d3e2","2025-03-10T18:32:35.818000","2025-03-10T18:32:35.818000","contato.jrsn@gmail.com","false"
"tourist3","city","2","5","Cidade linda e com muitas opções de lazer. Voltarei mais vezes!","[]","2023-10-20","67d0fe598c30479003e040f7","2025-03-12T03:24:09.788000","2025-03-12T03:24:09.788000","contato.jrsn@gmail.com","false"
"tourist5","beach","3","4","Ótimo lugar para surfar, ondas perfeitas!","[]","2023-12-05","67d0fe598c30479003e040f9","2025-03-12T03:24:09.788000","2025-03-12T03:24:09.788000","contato.jrsn@gmail.com","false"
"tourist2","business","1","4","Comida deliciosa e atendimento muito bom. Preço um pouco salgado.","[]","2023-11-15","67d0fe598c30479003e040f6","2025-03-12T03:24:09.788000","2025-03-12T03:24:09.788000","contato.jrsn@gmail.com","false"
"tourist1","beach","1","5","Praia maravilhosa, água cristalina e infraestrutura excelente!","[]","2023-12-10","67d0fe598c30479003e040f5","2025-03-12T03:24:09.788000","2025-03-12T03:24:09.788000","contato.jrsn@gmail.com","false"
"tourist4","serviceprovider","3","3","Serviço rápido, mas um pouco caro para o padrão local.","[]","2023-11-30","67d0fe598c30479003e040f8","2025-03-12T03:24:09.788000","2025-03-12T03:24:09.788000","contato.jrsn@gmail.com","false"