name,service_type,city_id,phone,description,available,is_club_member,discount_type,discount_value,id,created_date,updated_date,created_by,is_sample
"João Silva","eletricista","67cf30412efcee033024d3d0","(48) 99999-8888","Eletricista experiente, especializado em instalações e reparos em casas de praia. Atendimento rápido e serviço garantido.","true","true","percentual","10","67cf30432efcee033024d3dd","2025-03-10T18:32:35.353000","2025-03-10T19:09:07.549000","contato.jrsn@gmail.com","false"
"Maria Oliveira","diarista","67db2cffee2528e16d1600ae","(47) 98765-4321","Diarista com experiência em casas de temporada. Referências disponíveis. Limpeza completa, organização e lavanderia.","true","true","percentual","20","67cf30432efcee033024d3de","2025-03-10T18:32:35.353000","2025-03-24T14:40:13.861000","contato.jrsn@gmail.com","false"
"Carlos Pinturas","pintor","1","(48) 98765-4321","Serviços de pintura residencial e comercial com qualidade e bom preço.","true","true","percentual","10","67d0fe598c30479003e040e3","2025-03-12T03:24:09.689000","2025-03-12T03:24:09.689000","contato.jrsn@gmail.com","false"
"Limpeza Completa","diarista","1","(48) 98888-7777","Serviços profissionais de limpeza para casas, apartamentos e comércios.","true","true","percentual","15","67d0fe598c30479003e040e4","2025-03-12T03:24:09.689000","2025-03-12T03:24:09.689000","contato.jrsn@gmail.com","false"
"Eletricista 24h","eletricista","2","(47) 99999-8888","Atendimento emergencial e instalações elétricas em geral.","true","false","null","null","67d0fe598c30479003e040e5","2025-03-12T03:24:09.689000","2025-03-12T03:24:09.689000","contato.jrsn@gmail.com","false"
"Construções Silva","pedreiro","2","(47) 97777-6666","Reformas, construções e acabamentos com equipe qualificada.","true","true","fixo","50","67d0fe598c30479003e040e6","2025-03-12T03:24:09.689000","2025-03-12T03:24:09.689000","contato.jrsn@gmail.com","false"
"Artesanato Praiano","outros","3","(47) 96666-5555","Confecção de artesanato com temática marinha, utilizando materiais reciclados.","true","false","null","null","67d0fe598c30479003e040e7","2025-03-12T03:24:09.689000","2025-03-12T03:24:09.689000","contato.jrsn@gmail.com","false"
"jose ribeiro sousa neto","pedreiro","default","47991315105","null","true","false","null","null","67feb43da7d9c2256e8d8447","2025-04-15T19:32:13.955000","2025-04-15T19:32:13.955000","anonymous","false"